name	pool	seq	length	%gc	tm (use 65)
SARSCoV2120_1_LEFT	SARSCoV2120_1	ACCAACCAACTTTCGATCTCTTGT	24	41.67	60.69
SARSCoV2120_1_RIGHT	SARSCoV2120_1	GGTTGCATTCATTTGGTGACGC	22	50	61.49
SARSCoV2120_3_LEFT	SARSCoV2120_1	GGCTTGAAGAGAAGTTTAAGGAAGGT	26	42.31	61.19
SARSCoV2120_3_RIGHT	SARSCoV2120_1	GATTGTCCTCACTGCCGTCTTG	22	54.55	61.5
SARSCoV2120_5_LEFT	SARSCoV2120_1	ACCTACTAAAAAGGCTGGTGGC	22	50	60.55
SARSCoV2120_5_RIGHT	SARSCoV2120_1	AGCATCTTGTAGAGCAGGTGGA	22	50	61.16
SARSCoV2120_7_LEFT	SARSCoV2120_1	ACCTGGTGTATACGTTGTCTTTGG	24	45.83	60.8
SARSCoV2120_7_RIGHT	SARSCoV2120_1	GCTGAAATCGGGGCCATTTGTA	22	50	61.53
SARSCoV2120_9_LEFT	SARSCoV2120_1	AGAAGTTACTGGCGATAGTTGTAATAACT	29	34.48	60.59
SARSCoV2120_9_RIGHT	SARSCoV2120_1	TGCTGATATGTCCAAAGCACCA	22	45.45	60.29
SARSCoV2120_11_LEFT	SARSCoV2120_1	AGACACCTAAGTATAAGTTTGTTCGCA	27	37.04	60.74
SARSCoV2120_11_RIGHT	SARSCoV2120_1	GCCCACATGGAAATGGCTTGAT	22	50	61.8
SARSCoV2120_13_LEFT	SARSCoV2120_1	ACCTCTTACAACAGCAGCCAAAC	23	47.83	61.55
SARSCoV2120_13_RIGHT	SARSCoV2120_1	CGTCCTTTTCTTGGAAGCGACA	22	50	61.38
SARSCoV2120_15_LEFT	SARSCoV2120_1	TTTTAAGGAATTACTTGTGTATGCTGCT	28	32.14	60.06
SARSCoV2120_15_RIGHT	SARSCoV2120_1	ACACACAACAGCATCGTCAGAG	22	50	61.12
SARSCoV2120_17_LEFT	SARSCoV2120_1	TCAAGCTTTTTGCAGCAGAAACG	23	43.48	61.28
SARSCoV2120_17_RIGHT	SARSCoV2120_1	CCAAGCAGGGTTACGTGTAAGG	22	54.55	61.19
SARSCoV2120_19_LEFT	SARSCoV2120_1	GGCACATGGCTTTGAGTTGACA	22	50	61.91
SARSCoV2120_19_RIGHT	SARSCoV2120_1	CCTGTTGTCCATCAAAGTGTCCC	23	52.17	61.62
SARSCoV2120_21_LEFT	SARSCoV2120_1	TCTGTAGTTTCTAAGGTTGTCAAAGTGA	28	35.71	60.58
SARSCoV2120_21_RIGHT	SARSCoV2120_1	GCAGGGGGTAATTGAGTTCTGG	22	54.55	60.95
SARSCoV2120_23_LEFT	SARSCoV2120_1	ACTTTAGAGTCCAACCAACAGAATCT	26	38.46	60.18
SARSCoV2120_23_RIGHT	SARSCoV2120_1	TGACTAGCTACACTACGTGCCC	22	54.55	61.52
SARSCoV2120_25_LEFT	SARSCoV2120_1	TGCTGCTACTAAAATGTCAGAGTGT	25	40	60.51
SARSCoV2120_25_RIGHT	SARSCoV2120_1	CATTTCCAGCAAAGCCAAAGCC	22	50	61.45
SARSCoV2120_27_LEFT	SARSCoV2120_1	TGGATCACCGGTGGAATTGCTA	22	50	61.75
SARSCoV2120_27_RIGHT	SARSCoV2120_1	TGTTCGTTTAGGCGTGACAAGT	22	45.45	60.74
SARSCoV2120_29_LEFT	SARSCoV2120_1	TGAGGGAGCCTTGAATACACCA	22	50	61.1
SARSCoV2120_29_RIGHT	SARSCoV2120_1	TAGGCAGCTCTCCCTAGCATTG	22	54.55	61.61
SARSCoV2120_2_LEFT	SARSCoV2120_2	CCATAATCAAGACTATTCAACCAAGGGT	28	39.29	61.27
SARSCoV2120_2_RIGHT	SARSCoV2120_2	ACAGGTGACAATTTGTCCACCG	22	50	61.33
SARSCoV2120_4_LEFT	SARSCoV2120_2	GGAATTTGGTGCCACTTCTGCT	22	50	61.66
SARSCoV2120_4_RIGHT	SARSCoV2120_2	CCTGACCCGGGTAAGTGGTTAT	22	54.55	61.49
SARSCoV2120_6_LEFT	SARSCoV2120_2	ACTTCTATTAAATGGGCAGATAACAACTG	29	34.48	60.18
SARSCoV2120_6_RIGHT	SARSCoV2120_2	GATTATCCATTCCCTGCGCGTC	22	54.55	61.75
SARSCoV2120_8_LEFT	SARSCoV2120_2	CAATCATGCAATTGTTTTTCAGCTATTTTG	30	30	60.39
SARSCoV2120_8_RIGHT	SARSCoV2120_2	TGACTTTTTGCTACCTGCGCAT	22	45.45	61.39
SARSCoV2120_10_LEFT	SARSCoV2120_2	TTTACCAGGAGTTTTCTGTGGTGT	24	41.67	60.32
SARSCoV2120_10_RIGHT	SARSCoV2120_2	TGGGCCTCATAGCACATTGGTA	22	50	61.5
SARSCoV2120_12_LEFT	SARSCoV2120_2	ATGGTGCTAGGAGAGTGTGGAC	22	54.55	61.48
SARSCoV2120_12_RIGHT	SARSCoV2120_2	GGATTTCCCACAATGCTGATGC	22	50	60.48
SARSCoV2120_14_LEFT	SARSCoV2120_2	ACAGGCACTAGTACTGATGTCGT	23	47.83	61.12
SARSCoV2120_14_RIGHT	SARSCoV2120_2	GTGCAGCTACTGAAAAGCACGT	22	50	61.94
SARSCoV2120_16_LEFT	SARSCoV2120_2	ACAACACAGACTTTATGAGTGTCTCT	26	38.46	60.18
SARSCoV2120_16_RIGHT	SARSCoV2120_2	CTCTGTCAGACAGCACTTCACG	22	54.55	61.17
SARSCoV2120_18_LEFT	SARSCoV2120_2	GCACATAAAGACAAATCAGCTCAATGC	27	40.74	62.03
SARSCoV2120_18_RIGHT	SARSCoV2120_2	TGTCTGAAGCAGTGGAAAAGCA	22	45.45	60.68
SARSCoV2120_20_LEFT	SARSCoV2120_2	ACAATTTGATACTTATAACCTCTGGAACAC	30	33.33	60.15
SARSCoV2120_20_RIGHT	SARSCoV2120_2	GATTAGGCATAGCAACACCCGG	22	54.55	61.39
SARSCoV2120_22_LEFT	SARSCoV2120_2	GTGATGTTCTTGTTAACAACTAAACGAACA	30	33.33	61.44
SARSCoV2120_22_RIGHT	SARSCoV2120_2	AACAGATGCAAATCTGGTGGCG	22	50	62.03
SARSCoV2120_24_LEFT	SARSCoV2120_2	GCTGAACATGTCAACAACTCATATGA	26	38.46	60.13
SARSCoV2120_24_RIGHT	SARSCoV2120_2	ATGAGGTGCTGACTGAGGGAAG	22	54.55	61.74
SARSCoV2120_26_LEFT	SARSCoV2120_2	GCCTTGAAGCCCCTTTTCTCTA	22	50	60.29
SARSCoV2120_26_RIGHT	SARSCoV2120_2	AATGACCACATGGAACGCGTAC	22	50	61.5
SARSCoV2120_28_LEFT	SARSCoV2120_2	TTTGTGCTTTTTAGCCTTTCTGCT	24	37.5	60.14
SARSCoV2120_28_RIGHT	SARSCoV2120_2	GTTTGGCCTTGTTGTTGTTGGC	22	50	61.82
